_time,user,src,action,country
2025-06-20 06:22:36.703674,awilliamson,29.209.74.84,failure,Puerto Rico
2025-06-11 17:52:45.453530,apatel,116.193.126.205,success,Sao Tome and Principe
2025-06-13 05:25:30.603653,andersonjohn,18.224.90.232,success,Macao
2025-06-20 03:02:49.258056,mark20,121.79.142.150,failure,Malawi
2025-06-20 11:25:53.587787,coreyrivera,30.13.64.173,failure,Canada
2025-06-17 21:09:18.569574,charlesgiles,143.3.46.131,success,Macao
2025-06-14 09:24:22.476918,humphreyjoseph,22.173.220.96,success,Hong Kong
2025-06-12 06:06:19.859837,garciatracy,88.72.36.175,success,Antarctica (the territory South of 60 deg S)
2025-06-12 17:15:20.371695,humphreyjoseph,6.51.234.101,success,Andorra
2025-06-14 07:36:54.299878,coreyrivera,61.155.0.128,success,Timor-Leste
2025-06-17 15:51:55.880757,kellytonya,65.81.180.244,success,Guernsey
2025-06-15 03:57:50.564465,gordonjessica,218.236.255.195,success,Taiwan
2025-06-20 01:50:53.390684,gina34,43.28.29.191,success,Qatar
2025-06-17 18:11:08.368868,fletcherrita,83.14.251.115,failure,Guinea-Bissau
2025-06-14 03:15:15.787491,longdarius,19.205.146.230,success,Australia
2025-06-12 07:49:10.435594,danielsfelicia,192.90.129.76,success,El Salvador
2025-06-19 19:36:28.175704,prestontamara,87.205.237.1,failure,Cook Islands
2025-06-16 00:55:26.372949,sandersamy,123.227.52.81,success,Spain
2025-06-11 03:22:46.662046,pcole,8.218.250.214,failure,Sri Lanka
2025-06-14 00:31:33.332378,jacob23,101.23.99.149,success,Guatemala
2025-06-11 17:15:44.239040,bennettmichele,86.59.94.103,failure,Wallis and Futuna
2025-06-16 11:56:16.228928,ricardoandersen,195.76.18.230,failure,Latvia
2025-06-11 13:37:40.656212,erocha,40.157.239.187,failure,Gambia
2025-06-18 09:52:22.193414,jenna66,81.147.114.127,failure,Saint Barthelemy
2025-06-18 09:54:25.826912,jessicaolson,111.99.221.166,failure,Bahrain
2025-06-12 21:56:43.218108,thomasmurphy,39.244.196.170,success,Indonesia
2025-06-12 15:31:58.998142,gordonjessica,64.231.43.155,failure,Isle of Man
2025-06-18 00:05:25.085974,ricardoandersen,189.172.36.52,failure,Mauritania
2025-06-11 22:13:16.459261,johnsonlaurie,222.160.13.233,success,Bosnia and Herzegovina
2025-06-16 01:57:00.329320,garciatracy,89.118.128.171,success,Burundi
2025-06-18 08:29:57.454214,william71,181.41.93.168,failure,North Macedonia
2025-06-12 03:31:44.599874,taylor22,12.175.154.173,success,French Polynesia
2025-06-16 20:57:20.068164,samanthamiller,198.93.190.202,success,Moldova
2025-06-18 13:07:12.308499,sampsonjerry,191.20.2.201,failure,Mexico
2025-06-12 12:45:02.825734,lboyle,219.50.2.164,failure,Bolivia
2025-06-19 06:59:36.812546,sampsonjerry,201.150.82.255,failure,Comoros
2025-06-18 10:52:55.925354,latashareeves,49.190.174.141,failure,North Macedonia
2025-06-12 08:40:28.024607,ricardoandersen,11.25.66.100,failure,Samoa
2025-06-12 08:54:44.215190,coreyrivera,30.125.180.213,failure,Saint Martin
2025-06-18 15:21:38.674364,jenna66,30.7.145.47,failure,Colombia
2025-06-12 14:28:58.217032,egarrison,196.44.49.190,failure,Ghana
2025-06-15 16:02:06.665019,ncook,151.145.248.220,success,Mauritius
2025-06-18 17:19:17.347300,pcole,44.250.190.171,failure,United States Virgin Islands
2025-06-12 19:52:18.108768,bennettmichele,9.167.27.131,failure,Netherlands
2025-06-16 10:29:44.337702,vward,96.160.117.198,failure,Kuwait
2025-06-15 08:02:33.969467,garciatracy,96.213.230.191,success,Romania
2025-06-17 14:37:13.402653,longdarius,106.234.240.93,success,Italy
2025-06-20 05:20:11.203140,gchen,74.167.181.41,failure,Singapore
2025-06-20 04:03:08.237880,ricardoandersen,60.62.148.29,success,Cayman Islands
2025-06-12 10:20:24.949864,apatel,214.46.172.144,failure,Falkland Islands (Malvinas)
2025-06-19 13:20:21.596261,kellytonya,213.103.153.221,failure,United States Virgin Islands
2025-06-12 22:40:35.277054,timothy59,94.16.209.3,success,Ethiopia
2025-06-17 12:17:38.604821,jacob23,174.251.168.145,failure,Albania
2025-06-12 16:24:03.374221,sampsonjerry,98.130.214.108,success,Christmas Island
2025-06-15 19:12:53.392356,ryansmith,147.14.83.153,failure,Turkey
2025-06-11 03:14:45.892708,adrianandrews,111.16.1.46,success,Samoa
2025-06-11 22:26:32.008432,longdarius,72.59.34.203,failure,Bahamas
2025-06-12 21:46:22.546333,humphreyjoseph,38.36.245.223,success,Cyprus
2025-06-15 23:11:51.585016,longdarius,86.59.106.80,success,Norway
2025-06-19 16:43:54.955574,johnarmstrong,68.179.2.227,success,Taiwan
2025-06-18 13:09:11.062072,gina34,115.57.47.167,failure,Norfolk Island
2025-06-19 17:19:49.440323,humphreyjoseph,76.73.64.157,success,Romania
2025-06-14 13:47:02.236083,bennettmichele,220.177.135.124,success,Kiribati
2025-06-14 13:51:27.407300,fisherryan,122.195.36.102,failure,Turkmenistan
2025-06-20 14:43:52.330491,charlesgiles,161.56.221.87,success,Hong Kong
2025-06-20 14:01:24.544714,pcole,130.142.222.67,success,Guinea
2025-06-11 18:19:50.125342,timothy59,195.18.127.251,failure,Sao Tome and Principe
2025-06-17 03:12:59.225743,pcole,172.111.136.128,success,Greenland
2025-06-19 14:12:07.917705,lboyle,155.89.185.12,success,Guyana
2025-06-14 01:59:01.652281,karen27,107.175.44.19,success,Sweden
2025-06-11 06:52:53.317170,taylor22,210.140.91.135,success,Myanmar
2025-06-15 23:00:00.168348,hreed,55.58.204.184,failure,United Arab Emirates
2025-06-15 15:59:10.037825,crystaljones,22.87.27.115,success,Aruba
2025-06-16 18:29:02.461262,bennettmichele,219.83.227.152,failure,Timor-Leste
2025-06-12 19:48:55.768821,garciatracy,146.18.239.213,success,Switzerland
2025-06-18 17:23:40.857762,hreed,99.146.209.118,success,Heard Island and McDonald Islands
2025-06-17 07:11:45.641250,sampsonjerry,109.121.171.254,success,French Polynesia
2025-06-20 16:32:43.882069,karen27,183.89.81.34,failure,Mali
2025-06-18 21:51:10.797289,johnarmstrong,6.54.13.1,success,Angola
2025-06-16 19:31:14.758657,nguerra,85.115.170.102,failure,Philippines
2025-06-20 09:55:18.589333,bennettmichele,211.236.253.190,failure,Poland
2025-06-14 22:08:29.361635,longdarius,81.184.111.67,success,Saudi Arabia
2025-06-18 11:46:27.668015,karen27,4.126.211.24,failure,Taiwan
2025-06-12 18:01:58.468194,amber46,140.94.239.249,failure,Liechtenstein
2025-06-12 19:05:29.865510,timothy59,56.108.182.205,success,Gibraltar
2025-06-14 08:50:26.764819,garciatracy,122.214.248.205,success,Tonga
2025-06-13 05:52:48.693494,mhunt,195.24.219.166,failure,Portugal
2025-06-13 15:54:45.957484,garciatracy,203.85.200.209,success,Samoa
2025-06-12 16:47:15.886073,pcole,109.193.226.140,success,Falkland Islands (Malvinas)
2025-06-12 05:24:21.409810,mhunt,221.174.226.14,failure,Mozambique
2025-06-20 10:41:46.975885,longdarius,125.20.38.176,success,Sweden
2025-06-18 21:55:49.970461,pcole,105.208.11.64,success,Hong Kong
2025-06-16 12:34:10.938748,longdarius,74.221.105.223,failure,Turkey
2025-06-17 14:37:59.298804,thomasmurphy,110.109.168.29,failure,Maldives
2025-06-16 13:13:56.085681,ryanlauren,134.80.140.210,failure,Colombia
2025-06-15 13:01:52.559579,garciatracy,48.242.3.235,success,Slovakia (Slovak Republic)
2025-06-14 08:11:51.621382,gordonjessica,214.196.208.124,failure,Christmas Island
2025-06-16 05:40:12.099926,jessicaolson,184.152.234.130,failure,Indonesia
2025-06-17 19:29:50.870632,kellytonya,49.145.39.58,success,Dominican Republic
2025-06-19 11:13:52.313157,gchen,44.183.60.228,success,Tajikistan
2025-06-15 17:44:41.917670,rmiller,143.148.22.90,failure,United States of America
2025-06-13 10:27:38.483711,karen27,222.66.119.160,success,Vietnam
2025-06-14 22:20:29.662805,longdarius,181.78.130.243,success,Indonesia
2025-06-11 02:13:05.879517,samanthamiller,88.34.60.145,failure,Puerto Rico
2025-06-11 21:27:22.387033,robinsonmichael,77.122.152.152,success,Paraguay
2025-06-19 14:17:04.116781,egarrison,25.103.201.22,failure,Faroe Islands
2025-06-16 13:29:45.728267,ryansmith,69.27.65.177,success,Namibia
2025-06-15 14:03:42.083907,jacob23,41.216.18.48,failure,Isle of Man
2025-06-15 20:18:24.432213,jessicaolson,23.241.37.16,failure,Lesotho
2025-06-14 21:42:00.873808,ryansmith,47.106.206.97,success,Israel
2025-06-10 21:54:37.279523,timothy59,9.44.151.249,success,Chile
2025-06-11 05:21:12.118549,taylor22,111.154.236.176,success,Panama
2025-06-12 23:17:06.930106,samanthamiller,201.119.0.226,failure,Belize
2025-06-13 03:02:18.894348,fisherryan,66.129.254.137,success,Uganda
2025-06-12 03:11:49.941319,ncook,214.146.57.229,success,Spain
2025-06-14 21:54:20.433915,ryansmith,134.175.70.115,success,Ukraine
2025-06-16 10:53:59.071109,william71,6.135.115.4,failure,Italy
2025-06-20 05:07:17.971573,hreed,222.37.81.128,failure,El Salvador
2025-06-19 11:47:32.615429,pcole,13.222.124.72,success,Burkina Faso
2025-06-11 14:20:26.772961,johnsonlaurie,207.159.239.142,success,Uzbekistan
2025-06-16 20:30:01.879591,latashareeves,51.118.173.199,success,Sao Tome and Principe
2025-06-17 17:50:18.130279,kellytonya,151.5.202.74,success,Cape Verde
2025-06-13 23:49:47.840557,andersonjohn,99.148.93.157,failure,Ireland
2025-06-18 08:18:08.007414,awilliamson,23.201.176.121,success,United Arab Emirates
2025-06-19 17:07:47.644561,vward,172.158.166.8,success,Turkey
2025-06-20 15:39:04.855235,gchen,208.163.49.82,failure,Norfolk Island
2025-06-20 16:27:05.822039,taylor22,113.67.200.101,failure,Oman
2025-06-13 12:36:04.054299,ryansmith,175.84.38.151,success,Japan
2025-06-13 13:17:11.847690,awilliamson,130.52.4.98,success,Iran
2025-06-11 17:39:07.609849,gina34,68.195.187.248,failure,France
2025-06-12 00:09:05.390252,fletcherrita,157.28.104.57,failure,Saint Lucia
2025-06-12 11:58:31.365112,andrew21,20.170.42.211,failure,Colombia
2025-06-15 07:20:20.828836,vward,220.167.227.101,success,Congo
2025-06-17 22:41:13.349956,ricardoandersen,177.170.185.181,success,Andorra
2025-06-14 20:14:46.921022,awilliamson,194.252.108.70,failure,French Polynesia
2025-06-20 14:37:27.009867,hreed,168.221.66.54,success,Israel
2025-06-10 20:53:29.291947,egarrison,40.84.30.215,failure,Angola
2025-06-18 15:13:49.786651,prestontamara,207.250.43.8,success,Benin
2025-06-18 02:16:58.341437,thomasmurphy,205.151.241.5,success,Bouvet Island (Bouvetoya)
2025-06-13 13:31:48.338233,ricardoandersen,61.11.229.201,success,Thailand
2025-06-12 20:07:48.566387,gchen,215.178.249.161,failure,Guinea
2025-06-12 07:11:43.674317,gina34,51.187.242.94,success,Suriname
2025-06-15 20:46:15.674308,thomasmurphy,182.232.114.157,success,Singapore
2025-06-13 12:58:23.990053,longdarius,128.219.235.212,failure,Comoros
2025-06-20 14:41:15.676347,robinsonmichael,192.63.69.182,failure,Honduras
2025-06-20 02:15:58.917233,william71,46.226.160.210,success,Germany
2025-06-13 12:50:52.768345,adrianandrews,193.61.208.140,success,Antigua and Barbuda
2025-06-19 14:28:35.374382,coreyrivera,48.204.94.6,success,Albania
2025-06-14 06:44:48.621193,lboyle,194.201.183.156,success,Korea
2025-06-16 09:19:04.007266,adrianandrews,88.42.104.52,success,Saint Barthelemy
2025-06-10 20:56:20.399544,robinsonmichael,43.38.102.115,failure,French Polynesia
2025-06-12 05:34:15.307593,latashareeves,5.105.47.76,success,Haiti
2025-06-14 22:13:45.588772,robinsonmichael,46.220.86.119,failure,Slovenia
2025-06-13 08:26:38.035529,sampsonjerry,88.20.133.152,success,Finland
2025-06-11 11:03:13.600490,fisherryan,196.121.185.23,failure,Chad
2025-06-17 03:30:11.897246,johnarmstrong,173.53.96.206,success,Bahrain
2025-06-20 08:02:24.060889,taylor22,60.205.178.72,failure,Tonga
2025-06-19 01:22:38.915267,rmiller,128.11.178.161,success,Grenada
2025-06-18 17:05:06.085200,gina34,138.249.191.219,failure,El Salvador
2025-06-20 15:26:04.033116,rmiller,103.233.63.196,failure,Ethiopia
2025-06-17 20:28:20.282554,jenna66,103.79.160.159,failure,American Samoa
2025-06-11 20:31:38.230801,danielsfelicia,149.113.144.81,success,French Polynesia
2025-06-11 02:58:42.611463,amber46,140.85.96.144,failure,Seychelles
2025-06-14 13:24:51.245659,ryanlauren,195.198.149.253,success,Spain
2025-06-15 17:10:03.235350,timothy59,60.25.1.224,failure,Zambia
2025-06-13 05:19:41.481081,egarrison,169.122.229.211,success,Spain
2025-06-18 21:34:17.731617,robinsonmichael,165.1.188.180,failure,Haiti
2025-06-14 23:02:01.011812,samanthamiller,39.15.98.133,failure,South Africa
2025-06-17 06:38:26.726912,samanthamiller,210.87.246.241,success,Slovakia (Slovak Republic)
2025-06-15 19:38:45.752506,mhunt,115.169.38.212,success,Romania
2025-06-18 12:26:37.292546,egarrison,129.110.103.100,success,Belgium
2025-06-15 21:40:07.230942,hreed,9.8.26.115,failure,Canada
2025-06-18 00:16:43.897629,kellytonya,59.137.62.97,success,Cambodia
2025-06-14 06:47:35.950902,andersonjohn,180.94.252.161,failure,Guernsey
2025-06-12 04:45:20.514950,humphreyjoseph,209.211.76.20,success,Trinidad and Tobago
2025-06-12 10:14:32.902013,timothy59,85.79.93.190,failure,Albania
2025-06-19 03:50:29.100561,jenna66,125.99.100.194,failure,Turkey
2025-06-13 09:17:01.824380,egarrison,103.58.217.144,success,Morocco
2025-06-10 18:22:09.776169,rmiller,89.51.237.185,failure,Burkina Faso
2025-06-18 00:01:48.917703,sampsonjerry,45.73.71.177,failure,Belize
2025-06-18 15:58:33.105324,jenna66,189.171.53.145,failure,Ghana
2025-06-11 02:06:53.239100,andrew21,146.154.49.107,success,Burundi
2025-06-19 02:12:30.003172,amber46,25.10.22.45,success,Burkina Faso
2025-06-18 11:35:00.323308,samanthamiller,65.161.148.102,failure,Bolivia
2025-06-14 04:50:38.737594,fletcherrita,209.144.186.73,failure,Dominica
2025-06-11 17:01:28.876945,fisherryan,135.88.159.183,success,Holy See (Vatican City State)
2025-06-18 12:25:08.919586,ncook,47.207.83.95,failure,Myanmar
2025-06-14 04:09:26.137397,jenna66,4.177.9.246,success,Saint Martin
2025-06-19 14:37:59.981645,lboyle,173.131.205.129,failure,Guinea-Bissau
2025-06-15 01:13:09.230465,prestontamara,191.145.114.138,success,Vanuatu
2025-06-19 03:08:20.489224,mhunt,201.193.57.65,failure,Saint Pierre and Miquelon
2025-06-16 07:59:33.224878,awilliamson,39.174.155.41,success,Slovenia
2025-06-11 18:51:40.160400,jenna66,208.107.212.47,failure,Belarus
2025-06-16 00:16:49.599633,gchen,78.9.233.226,failure,Kyrgyz Republic
2025-06-12 00:45:22.395715,gordonjessica,157.246.192.166,failure,Antarctica (the territory South of 60 deg S)
2025-06-16 08:40:46.046498,fisherryan,39.190.217.131,success,Mexico
2025-06-17 08:02:21.239469,erocha,159.130.194.147,failure,Monaco
2025-06-12 10:33:28.974557,adrianandrews,198.196.234.254,success,Venezuela
2025-06-20 10:45:52.844986,coreyrivera,40.80.102.249,success,Madagascar
2025-06-20 02:55:02.384277,apatel,115.90.18.111,success,Mozambique
2025-06-17 19:55:01.638702,taylor22,10.201.148.72,failure,Oman
2025-06-18 15:46:42.028278,lboyle,133.140.244.94,failure,Jersey
2025-06-17 19:51:22.961705,gordonjessica,198.137.126.6,success,Bhutan
2025-06-10 20:04:55.690847,awilliamson,120.228.240.239,success,Angola
2025-06-20 11:00:07.622755,rmiller,25.207.51.236,failure,South Africa
2025-06-18 00:47:32.994680,awilliamson,219.113.18.101,failure,Monaco
2025-06-10 21:53:58.185292,jenna66,84.210.254.207,failure,Chile
2025-06-16 14:50:39.198856,thomasmurphy,149.227.139.254,success,Tonga
2025-06-12 08:43:04.952084,pcole,154.213.212.82,success,French Guiana
2025-06-19 10:51:42.190705,johnsonlaurie,186.125.249.199,failure,Mongolia
2025-06-17 07:58:13.451960,andrew21,53.56.178.56,success,Croatia
2025-06-15 13:23:39.455344,danielsfelicia,177.187.223.1,failure,Norway
2025-06-13 19:35:55.753294,amber46,77.69.194.173,success,Panama
2025-06-11 17:16:41.088344,gchen,120.54.95.160,failure,Finland
2025-06-11 11:55:47.661082,william71,218.252.166.136,success,Papua New Guinea
2025-06-12 06:31:13.523731,erocha,170.94.2.84,success,Greenland
2025-06-20 07:07:00.641149,ricardoandersen,66.226.123.98,failure,Colombia
2025-06-12 10:56:19.835357,robinsonmichael,94.63.177.209,success,Macao
2025-06-17 05:14:11.110348,latashareeves,158.157.245.200,failure,Bulgaria
2025-06-11 13:43:42.767982,bennettmichele,15.58.36.206,success,Samoa
2025-06-19 05:59:32.670787,jenna66,33.80.84.65,failure,Haiti
2025-06-15 04:34:28.135715,gchen,136.5.200.130,success,Israel
2025-06-12 00:49:33.733655,jessicaolson,156.117.138.170,failure,Luxembourg
2025-06-19 12:26:22.822124,amber46,108.97.255.197,failure,Uganda
2025-06-11 07:36:05.090453,gina34,130.68.243.62,success,Benin
2025-06-12 08:26:50.104624,ncook,57.132.75.197,failure,Sudan
2025-06-19 06:11:21.941171,robinsonmichael,142.234.11.109,success,Netherlands Antilles
2025-06-11 06:16:14.240918,samanthamiller,147.226.27.4,success,Sao Tome and Principe
2025-06-13 16:15:15.887838,samanthamiller,36.103.194.249,success,Bangladesh
2025-06-11 15:13:28.146334,nguerra,162.21.12.211,failure,Antarctica (the territory South of 60 deg S)
2025-06-14 12:25:40.128395,sandersamy,72.194.194.167,failure,France
2025-06-19 21:50:11.627425,pcole,202.199.190.148,failure,Angola
2025-06-16 04:00:25.966985,garciatracy,98.94.153.215,failure,Bangladesh
2025-06-12 09:51:37.763756,ncook,89.200.10.103,failure,Malaysia
2025-06-15 14:48:20.173673,gina34,55.174.49.42,success,South Georgia and the South Sandwich Islands
2025-06-16 19:24:21.458740,robinsonmichael,81.157.236.214,success,Burkina Faso
2025-06-17 11:17:49.384974,awilliamson,217.37.162.119,failure,Solomon Islands
2025-06-19 15:49:18.342314,egarrison,21.27.136.231,failure,Turkmenistan
2025-06-17 04:27:26.667204,prestontamara,81.117.6.66,success,Estonia
2025-06-18 22:22:04.244735,gina34,13.126.129.115,success,Samoa
2025-06-12 22:11:56.183299,samanthamiller,59.130.106.165,success,Turks and Caicos Islands
2025-06-18 08:25:43.517347,erocha,58.30.28.141,failure,Aruba
2025-06-16 12:03:37.732857,jacob23,57.221.219.147,success,Djibouti
2025-06-14 06:23:41.520684,timothy59,155.28.71.196,success,Ethiopia
2025-06-18 12:14:13.302468,nguerra,151.181.60.175,success,Lithuania
2025-06-12 12:25:29.081290,longdarius,98.59.216.82,failure,Liberia
2025-06-18 09:37:45.442725,pcole,112.17.74.71,failure,Mauritania
2025-06-14 23:09:20.723312,johnsonlaurie,128.155.232.20,success,Angola
2025-06-10 23:35:14.956659,erocha,126.185.172.144,failure,French Polynesia
2025-06-11 19:08:04.323944,johnsonlaurie,203.53.191.176,success,Montenegro
2025-06-14 15:14:05.298865,jessicaolson,136.76.191.199,failure,American Samoa
2025-06-11 22:15:27.020394,apatel,133.62.99.171,failure,Mozambique
2025-06-17 17:28:47.627379,samanthamiller,95.53.5.25,failure,Iran
2025-06-20 00:14:00.716668,longdarius,154.73.80.2,success,Turks and Caicos Islands
2025-06-20 02:58:49.868841,lboyle,184.56.64.174,success,Zambia
2025-06-18 04:46:56.746195,mhunt,124.137.18.94,failure,India
2025-06-17 08:45:24.222553,charlesgiles,193.132.237.117,failure,United States Virgin Islands
2025-06-20 01:27:45.695875,kellytonya,173.210.151.110,failure,Djibouti
2025-06-16 20:02:26.399482,crystaljones,199.26.193.123,failure,Norway
2025-06-13 16:28:13.372849,ncook,189.11.37.163,success,Greece
2025-06-14 09:00:17.428794,coreyrivera,211.141.85.136,failure,Turkey
2025-06-13 18:46:51.568667,apatel,138.37.86.50,failure,Chad
2025-06-15 22:52:16.895772,latashareeves,117.100.8.93,success,San Marino
2025-06-12 13:26:38.085172,william71,144.75.236.202,success,Martinique
2025-06-16 11:09:11.248511,sandersamy,75.230.11.182,success,Puerto Rico
2025-06-20 04:50:41.505540,amber46,106.246.73.152,failure,Serbia
2025-06-20 09:56:16.625711,gchen,120.115.148.185,failure,Tajikistan
2025-06-18 22:17:21.905885,longdarius,19.171.72.138,failure,Japan
2025-06-13 21:53:41.737665,ricardoandersen,39.87.195.62,success,Saint Helena
2025-06-15 08:37:52.929106,humphreyjoseph,50.50.179.104,success,Cocos (Keeling) Islands
2025-06-16 05:09:13.481891,charlesgiles,219.118.178.175,failure,Guam
2025-06-20 06:03:48.098963,longdarius,24.83.64.40,failure,Guernsey
2025-06-19 03:46:46.488072,mark20,105.159.92.114,failure,Holy See (Vatican City State)
2025-06-12 00:56:47.058289,coreyrivera,143.253.207.116,failure,Ecuador
2025-06-14 17:58:46.386555,jacob23,17.59.82.146,success,Myanmar
2025-06-14 23:14:05.210164,apatel,9.30.0.39,success,Albania
2025-06-11 16:05:46.500453,crystaljones,114.80.61.165,failure,India
2025-06-10 21:18:41.371085,fletcherrita,53.211.150.40,failure,Jordan
2025-06-12 17:01:57.534676,fisherryan,5.254.250.231,success,Martinique
2025-06-18 17:56:24.259253,coreyrivera,205.51.237.85,success,French Guiana
2025-06-20 09:48:57.050341,latashareeves,64.67.144.48,success,Micronesia
2025-06-19 00:24:03.947417,awilliamson,141.170.186.234,success,Rwanda
2025-06-12 23:11:41.006062,vward,107.196.22.84,success,Cape Verde
2025-06-19 12:25:21.095196,fletcherrita,142.66.117.251,success,Mali
2025-06-15 01:13:59.437468,andrew21,53.149.81.104,success,Bermuda
2025-06-14 05:07:20.388176,lboyle,211.74.51.141,success,Spain
2025-06-15 05:48:35.726003,coreyrivera,87.243.60.150,success,Bahrain
2025-06-20 06:21:04.781613,gchen,143.13.146.56,success,New Caledonia
2025-06-17 08:39:36.057339,andersonjohn,41.87.158.150,success,Cayman Islands
2025-06-18 01:19:34.149075,william71,207.110.176.57,success,Serbia
2025-06-20 04:51:33.917203,danielsfelicia,99.128.24.109,success,Nauru
2025-06-17 04:21:16.725393,kellytonya,112.142.249.254,success,Papua New Guinea
2025-06-17 12:28:30.971887,sandersamy,211.187.165.75,success,China
2025-06-14 08:05:57.329961,fletcherrita,219.165.177.97,failure,Kazakhstan
2025-06-18 19:55:19.975084,nguerra,101.23.54.116,success,Swaziland
2025-06-11 22:18:25.181861,garciatracy,128.57.51.28,success,Taiwan
2025-06-18 14:15:36.249641,humphreyjoseph,203.150.157.246,success,Lao People's Democratic Republic
2025-06-15 04:00:51.421809,prestontamara,130.122.50.58,success,Cook Islands
2025-06-11 02:41:58.244241,pcole,26.237.230.39,failure,British Virgin Islands
2025-06-12 03:16:15.676738,erocha,136.213.192.210,failure,United States of America
2025-06-15 00:10:03.961223,nguerra,199.98.52.249,success,Kuwait
2025-06-16 06:55:42.516272,fletcherrita,17.130.128.248,failure,Korea
2025-06-15 21:49:33.442063,mhunt,136.226.71.51,success,Peru
2025-06-20 12:28:33.131456,charlesgiles,70.157.191.36,failure,Heard Island and McDonald Islands
2025-06-16 05:15:50.578954,erocha,90.43.153.149,failure,Nepal
2025-06-17 21:13:47.024185,sampsonjerry,119.45.76.48,failure,Tuvalu
2025-06-16 11:22:32.261876,fletcherrita,87.104.252.37,success,Mauritania
2025-06-20 08:50:03.526782,danielsfelicia,147.185.157.16,success,Libyan Arab Jamahiriya
2025-06-11 20:51:27.785620,karen27,80.46.236.203,success,Malaysia
2025-06-14 17:53:52.655764,timothy59,20.137.60.166,success,Lesotho
2025-06-13 16:45:45.642592,ricardoandersen,91.105.235.38,failure,South Africa
2025-06-16 00:58:14.433280,egarrison,178.85.67.46,failure,Gibraltar
2025-06-16 00:46:18.676347,crystaljones,60.196.95.28,failure,Nicaragua
2025-06-13 03:43:34.548672,amber46,176.121.92.243,success,Senegal
2025-06-14 01:45:05.400472,erocha,65.244.88.60,failure,Azerbaijan
2025-06-14 13:01:29.955145,coreyrivera,38.143.56.185,failure,Greece
2025-06-13 15:04:17.881014,amber46,3.10.80.1,success,Philippines
2025-06-16 22:47:01.698044,vward,204.104.236.238,failure,Niger
2025-06-12 08:47:37.623398,nguerra,69.29.117.46,success,Holy See (Vatican City State)
2025-06-20 16:40:49.204400,sampsonjerry,214.236.161.46,failure,Gibraltar
2025-06-14 23:06:02.154120,fisherryan,66.52.63.24,success,Moldova
2025-06-12 08:07:30.277424,kellytonya,147.198.31.90,failure,American Samoa
2025-06-18 20:42:40.165126,jenna66,56.28.157.44,failure,Tonga
2025-06-20 17:46:33.696975,bennettmichele,29.209.207.237,success,Burundi
2025-06-15 08:12:11.514340,crystaljones,183.166.143.56,success,Switzerland
2025-06-14 06:06:19.270252,jacob23,100.183.135.224,failure,Kiribati
2025-06-16 22:50:04.487730,johnarmstrong,173.35.195.150,success,Bermuda
2025-06-15 07:07:11.558089,rmiller,13.190.69.180,failure,Nauru
2025-06-19 11:19:29.317621,ryansmith,161.186.168.209,success,Sweden
2025-06-14 05:15:29.951996,latashareeves,104.143.56.235,failure,Bhutan
2025-06-20 15:16:51.038393,andrew21,148.195.213.178,failure,Nicaragua
2025-06-12 19:51:44.819786,william71,35.253.249.37,failure,Norway
2025-06-10 19:56:27.352167,robinsonmichael,190.29.3.253,success,Kiribati
2025-06-19 05:03:27.703482,vward,151.55.250.210,success,Japan
2025-06-16 14:11:56.941841,prestontamara,90.197.158.91,failure,Gambia
2025-06-15 22:04:29.115271,nguerra,97.184.77.4,success,Bulgaria
2025-06-11 19:57:18.731699,samanthamiller,36.47.223.114,success,Paraguay
2025-06-15 02:36:33.361198,prestontamara,29.75.35.221,success,India
2025-06-17 15:14:42.492949,mark20,189.156.32.34,success,Czech Republic
2025-06-15 12:05:56.877706,johnsonlaurie,38.55.205.227,failure,Albania
2025-06-13 07:03:41.240125,coreyrivera,142.92.67.168,failure,Cote d'Ivoire
2025-06-11 22:09:51.844892,egarrison,78.28.139.105,failure,Slovenia
2025-06-12 02:27:11.099283,awilliamson,177.233.155.127,success,Guernsey
2025-06-11 00:36:16.952719,coreyrivera,33.123.39.239,success,Jamaica
2025-06-11 10:05:30.290385,mark20,186.228.89.93,success,Palau
2025-06-14 16:24:28.028214,andersonjohn,18.202.20.217,failure,Vanuatu
2025-06-12 07:42:41.432549,sandersamy,182.181.46.116,failure,Kyrgyz Republic
2025-06-12 15:24:41.883896,bennettmichele,44.248.48.254,failure,Armenia
2025-06-19 11:03:04.420478,sandersamy,111.158.221.135,failure,Martinique
2025-06-12 18:35:30.469535,amber46,213.89.222.222,success,Kiribati
2025-06-14 04:17:41.712649,jenna66,113.23.176.60,success,Monaco
2025-06-10 23:41:46.637127,sampsonjerry,160.219.151.99,success,Holy See (Vatican City State)
2025-06-18 01:47:15.665345,lboyle,75.249.65.217,success,New Zealand
2025-06-16 09:15:17.345566,rmiller,71.212.243.51,success,Montserrat
2025-06-16 05:33:29.546870,coreyrivera,5.180.94.16,success,Nigeria
2025-06-13 21:53:58.665916,adrianandrews,142.127.203.194,failure,Venezuela
2025-06-19 21:25:41.435773,vward,82.7.76.108,failure,Equatorial Guinea
2025-06-13 20:23:12.509364,sandersamy,144.101.78.92,failure,Chile
2025-06-11 23:13:14.422260,rmiller,160.82.225.152,success,Australia
2025-06-17 10:01:18.960840,andrew21,12.252.243.177,failure,Saint Barthelemy
2025-06-17 04:58:18.154565,longdarius,8.147.159.137,success,Qatar
2025-06-12 09:52:52.527376,ricardoandersen,172.131.211.37,success,Sierra Leone
2025-06-17 13:11:19.822350,andrew21,12.109.162.56,failure,Bhutan
2025-06-15 03:01:53.027722,ncook,75.200.93.175,success,Ecuador
2025-06-15 23:02:32.248335,lboyle,103.38.2.114,failure,Netherlands
2025-06-12 12:19:45.016573,apatel,52.119.214.82,failure,French Southern Territories
2025-06-15 15:42:25.551096,karen27,16.184.110.32,success,Cambodia
2025-06-17 08:28:17.325956,andersonjohn,141.251.148.24,success,Saint Pierre and Miquelon
2025-06-13 01:50:19.428319,timothy59,186.140.158.103,failure,Bosnia and Herzegovina
2025-06-20 09:16:23.633234,rmiller,101.172.47.68,failure,Morocco
2025-06-11 03:24:04.594061,robinsonmichael,76.230.65.224,success,Benin
2025-06-16 04:11:36.514516,crystaljones,73.8.148.46,failure,New Caledonia
2025-06-16 17:32:54.112737,ryansmith,55.12.132.92,success,Cyprus
2025-06-14 12:01:47.312593,gchen,162.52.8.101,failure,French Guiana
2025-06-19 02:39:45.175157,vward,2.166.15.251,failure,Burkina Faso
2025-06-11 18:29:06.333850,gina34,157.144.187.92,failure,Mali
2025-06-20 04:46:00.901935,mark20,40.47.88.142,failure,Moldova
2025-06-15 19:35:00.114331,jessicaolson,173.220.65.166,failure,Slovenia
2025-06-20 06:21:05.570983,longdarius,218.56.148.6,failure,Lebanon
2025-06-12 03:48:21.057303,latashareeves,115.79.53.141,success,Tunisia
2025-06-19 13:23:42.860873,lboyle,211.49.88.80,failure,Zimbabwe
2025-06-11 01:08:50.497272,gordonjessica,142.139.49.155,success,Chad
2025-06-11 00:09:00.414884,jessicaolson,140.164.111.249,failure,Peru
2025-06-14 08:10:37.479952,fisherryan,4.86.54.95,failure,Timor-Leste
2025-06-19 02:13:14.011430,ricardoandersen,51.108.70.232,success,Switzerland
2025-06-12 00:49:55.671628,mark20,213.199.163.40,failure,Netherlands Antilles
2025-06-12 23:37:57.753356,ricardoandersen,72.97.164.219,success,Niue
2025-06-11 10:41:25.695261,mhunt,197.138.137.79,success,Albania
2025-06-17 01:53:18.536407,amber46,120.56.228.209,failure,Norfolk Island
2025-06-19 14:39:42.905369,danielsfelicia,129.77.61.59,success,Jersey
2025-06-19 03:40:32.296360,johnsonlaurie,32.167.174.189,failure,Cote d'Ivoire
2025-06-12 04:07:18.757950,timothy59,153.123.179.195,failure,Congo
2025-06-14 04:20:55.097854,crystaljones,74.144.181.86,failure,Pitcairn Islands
2025-06-13 15:30:20.440387,erocha,36.126.143.114,success,Saint Barthelemy
2025-06-17 16:38:12.166880,longdarius,164.0.71.51,failure,Togo
2025-06-18 05:15:21.076544,danielsfelicia,205.135.60.236,success,Cameroon
2025-06-17 23:14:11.786176,mark20,145.252.228.44,success,Nicaragua
2025-06-19 11:59:24.803825,william71,159.174.36.165,success,Poland
2025-06-13 02:25:27.594179,egarrison,128.30.165.36,success,Lao People's Democratic Republic
2025-06-18 01:23:33.732720,danielsfelicia,132.19.24.179,success,Ireland
2025-06-17 02:34:23.179282,rmiller,185.97.223.152,failure,Sri Lanka
2025-06-16 10:07:13.175936,vward,208.65.228.146,success,United States Minor Outlying Islands
2025-06-14 15:01:35.542111,charlesgiles,179.234.14.55,success,Eritrea
2025-06-19 01:27:07.388639,rmiller,25.17.151.77,failure,Cook Islands
2025-06-14 11:08:58.882786,nguerra,149.91.146.150,success,Bahrain
2025-06-19 17:42:05.193498,amber46,51.185.239.233,success,China
2025-06-18 22:32:50.897731,prestontamara,202.108.118.27,success,Malaysia
2025-06-12 10:32:43.648981,timothy59,79.115.216.161,failure,Lebanon
2025-06-15 03:46:05.055702,samanthamiller,76.79.14.178,failure,South Georgia and the South Sandwich Islands
2025-06-13 20:04:13.547206,kellytonya,53.34.51.225,failure,Netherlands Antilles
2025-06-13 18:34:24.317922,william71,154.49.78.189,failure,Myanmar
2025-06-20 05:06:52.159774,egarrison,179.80.49.159,success,Italy
2025-06-13 00:51:45.226551,garciatracy,204.46.253.58,failure,Saint Martin
2025-06-19 19:53:56.263079,nguerra,25.246.178.220,success,Jersey
2025-06-12 09:54:46.121174,jenna66,34.110.208.164,success,China
2025-06-11 12:58:37.213451,thomasmurphy,216.150.7.215,success,Netherlands
2025-06-14 09:36:47.957350,ryansmith,34.80.105.10,failure,Taiwan
2025-06-11 23:55:01.294056,thomasmurphy,132.241.213.224,success,Botswana
2025-06-18 18:50:56.107814,robinsonmichael,26.120.26.165,success,Northern Mariana Islands
2025-06-20 14:29:49.322987,latashareeves,207.184.154.6,success,Bangladesh
2025-06-19 21:11:44.855218,sandersamy,105.65.17.232,success,Northern Mariana Islands
2025-06-17 23:03:25.019096,sampsonjerry,101.189.149.99,failure,Saint Martin
2025-06-13 13:35:29.677658,awilliamson,77.59.219.228,success,Bhutan
2025-06-15 18:08:08.350718,fletcherrita,121.247.27.172,success,Sweden
2025-06-15 02:31:29.217216,timothy59,98.133.39.192,failure,Djibouti
2025-06-18 21:12:57.356337,coreyrivera,17.221.172.243,success,Vietnam
2025-06-13 18:53:55.382645,gchen,200.169.146.137,success,Macao
2025-06-13 08:56:41.339849,apatel,106.221.27.225,success,Israel
2025-06-18 17:50:29.579156,ncook,62.74.188.72,success,Serbia
2025-06-19 13:12:27.095972,gchen,71.194.0.11,success,Uzbekistan
2025-06-18 04:13:08.756340,prestontamara,194.29.238.219,failure,Suriname
2025-06-17 01:44:33.806743,vward,160.180.98.193,success,South Africa
2025-06-18 02:22:10.268795,sandersamy,144.199.72.122,failure,Guam
2025-06-11 13:26:14.499300,egarrison,24.201.211.243,success,Hong Kong
2025-06-16 09:57:25.149134,jacob23,18.215.226.236,success,Antarctica (the territory South of 60 deg S)
2025-06-15 02:31:56.668727,prestontamara,173.89.165.88,failure,Bermuda
2025-06-18 06:49:18.040893,amber46,217.136.158.86,failure,Panama
2025-06-17 10:36:09.009966,crystaljones,119.230.129.79,success,Nepal
2025-06-19 03:32:57.927515,adrianandrews,27.13.226.174,success,Haiti
2025-06-18 23:46:44.048177,bennettmichele,200.237.109.24,success,Botswana
2025-06-20 11:52:15.737867,johnsonlaurie,107.60.26.100,success,Tunisia
2025-06-15 02:51:40.913103,amber46,57.170.129.57,success,Oman
2025-06-17 17:45:59.695858,awilliamson,17.63.4.85,success,Turkey
2025-06-17 21:54:25.435903,fletcherrita,97.116.193.59,failure,Palau
2025-06-17 01:47:35.043456,hreed,51.208.172.236,failure,Mozambique
2025-06-15 03:08:45.241256,ncook,68.185.5.246,success,Faroe Islands
2025-06-12 08:55:12.640777,kellytonya,83.150.26.129,success,Puerto Rico
2025-06-15 06:38:50.604786,garciatracy,205.130.164.161,success,Cayman Islands
2025-06-11 07:37:51.837200,johnsonlaurie,39.114.186.81,success,Guyana
2025-06-14 02:21:24.265579,william71,202.118.85.113,success,Solomon Islands
2025-06-16 22:57:35.950133,karen27,37.2.22.28,success,Bouvet Island (Bouvetoya)
2025-06-12 01:54:24.147398,vward,12.88.172.84,success,Djibouti
2025-06-11 17:28:59.401707,gina34,146.130.79.254,failure,Saint Martin
2025-06-15 02:08:11.118186,gchen,206.17.190.65,success,United Kingdom
2025-06-16 18:45:09.979980,vward,183.89.138.57,failure,Equatorial Guinea
2025-06-17 18:38:54.401365,robinsonmichael,92.64.76.14,failure,Maldives
2025-06-18 22:36:02.784574,andrew21,92.60.172.131,failure,Romania
2025-06-19 04:13:24.953171,robinsonmichael,183.205.191.16,failure,Antigua and Barbuda
2025-06-15 03:42:33.290304,mark20,221.146.226.28,failure,Sierra Leone
2025-06-12 02:01:39.136829,longdarius,43.162.67.71,failure,Guinea-Bissau
2025-06-17 05:27:20.540266,erocha,116.41.143.200,success,Hungary
2025-06-14 09:30:36.842767,andersonjohn,38.239.90.123,failure,Chile
2025-06-11 00:13:41.084568,mhunt,128.76.217.242,failure,Hungary
2025-06-17 01:04:18.663964,kellytonya,43.187.106.30,failure,Oman
2025-06-14 03:53:22.355614,bennettmichele,24.132.223.234,success,Guernsey
2025-06-14 14:30:45.034877,taylor22,154.239.32.201,failure,Bosnia and Herzegovina
2025-06-15 05:04:22.880571,lboyle,215.107.101.169,success,Canada
2025-06-14 23:10:46.590897,humphreyjoseph,17.198.5.248,failure,Niger
2025-06-16 15:15:56.316289,taylor22,207.126.169.65,success,Nigeria
2025-06-11 21:50:23.697049,prestontamara,29.72.50.14,failure,Qatar
2025-06-17 07:15:14.130918,fletcherrita,148.100.14.5,success,Benin
2025-06-19 04:23:04.247546,lboyle,133.220.197.84,success,Mexico
2025-06-15 23:55:14.580580,pcole,83.57.87.92,success,Guam
2025-06-13 07:34:27.372117,sandersamy,135.18.193.42,success,Zambia
2025-06-14 03:29:48.151330,gina34,25.247.222.146,success,Montenegro
2025-06-17 02:38:25.571530,sampsonjerry,217.53.79.57,success,Guyana
2025-06-15 12:51:49.320019,gordonjessica,161.201.51.32,success,Lesotho
2025-06-20 17:30:23.423483,william71,137.108.23.248,success,Nauru
2025-06-18 08:45:19.383688,sandersamy,125.178.254.69,success,Turks and Caicos Islands
2025-06-16 12:09:42.884636,charlesgiles,10.238.159.135,failure,Lebanon
2025-06-11 19:04:28.421557,humphreyjoseph,138.197.253.128,failure,Liberia
2025-06-19 02:52:19.129686,awilliamson,33.88.126.134,success,Cameroon
2025-06-13 04:41:59.501995,adrianandrews,153.11.135.149,success,Jordan
2025-06-13 13:31:07.202977,mark20,113.219.64.49,failure,Tunisia
2025-06-12 22:33:16.740653,johnsonlaurie,19.2.196.112,success,American Samoa
2025-06-10 19:01:13.940533,ryansmith,58.199.64.135,failure,Saudi Arabia
2025-06-17 22:57:00.343070,amber46,123.48.108.13,success,Guernsey
2025-06-11 19:52:34.321136,fisherryan,32.102.63.91,failure,Isle of Man
2025-06-11 10:56:58.583932,longdarius,198.50.3.187,success,United States Virgin Islands
2025-06-12 15:52:09.275378,fisherryan,109.187.67.116,failure,Ethiopia
2025-06-13 13:11:54.785267,jessicaolson,174.131.123.101,failure,United Kingdom
2025-06-12 02:18:43.152123,coreyrivera,154.185.7.4,success,Liberia
2025-06-16 14:54:44.019871,erocha,206.186.166.15,success,Grenada
2025-06-10 19:31:02.076273,mark20,182.197.87.164,success,Isle of Man
2025-06-12 23:20:48.605459,samanthamiller,119.173.16.52,success,United Arab Emirates
2025-06-16 21:48:39.310211,awilliamson,79.235.255.3,success,Chile
2025-06-13 09:12:31.146439,erocha,211.176.29.126,success,Lebanon
2025-06-11 02:26:25.172060,jessicaolson,153.243.196.197,success,Paraguay
2025-06-16 03:03:34.325081,danielsfelicia,90.87.245.33,success,Barbados
2025-06-19 21:02:06.962793,charlesgiles,162.224.189.97,success,Antigua and Barbuda
2025-06-19 10:32:17.798674,crystaljones,9.54.168.134,success,Saint Martin
2025-06-11 17:58:01.939705,mhunt,173.196.88.140,success,American Samoa
2025-06-15 04:08:36.943674,coreyrivera,71.98.98.125,success,Uzbekistan
2025-06-18 10:38:12.922198,samanthamiller,195.105.20.28,success,Guam
2025-06-11 18:51:30.725824,kellytonya,128.216.126.129,success,Bolivia
2025-06-19 03:16:12.845206,danielsfelicia,55.143.194.98,failure,Tokelau
2025-06-20 08:08:08.474722,bennettmichele,146.197.189.40,success,Anguilla
2025-06-10 20:36:49.677921,jessicaolson,178.19.219.16,success,Australia
2025-06-20 11:03:00.608104,gordonjessica,96.44.109.96,success,Colombia
2025-06-17 16:15:52.581718,sandersamy,139.162.233.149,success,Norway
2025-06-18 14:34:29.956385,jessicaolson,118.161.27.146,success,Switzerland
2025-06-20 04:43:36.483514,bennettmichele,11.116.153.137,success,Saint Kitts and Nevis
2025-06-17 02:23:11.336552,nguerra,62.211.82.139,failure,Guernsey
2025-06-18 13:34:39.034833,mhunt,107.20.41.131,success,Micronesia
2025-06-15 22:46:51.422220,humphreyjoseph,67.79.164.9,success,Sweden
2025-06-17 23:02:10.224428,fisherryan,35.65.245.60,failure,Mongolia
2025-06-12 15:47:20.293661,pcole,137.227.214.253,failure,Israel
2025-06-13 09:27:11.440468,karen27,91.18.143.50,failure,Estonia
2025-06-14 17:58:45.677276,garciatracy,122.152.75.69,success,Palau
2025-06-16 13:37:05.210791,mark20,208.252.90.28,success,Mayotte
2025-06-18 03:21:32.229829,timothy59,143.178.196.3,success,Gabon
2025-06-18 00:25:39.825851,lboyle,80.77.235.232,failure,Serbia
2025-06-16 11:26:56.175267,ricardoandersen,216.228.241.125,success,Aruba
2025-06-13 10:03:14.369758,fletcherrita,156.17.96.205,success,Tonga
2025-06-19 06:22:13.589521,rmiller,138.95.221.174,failure,Philippines
2025-06-17 07:42:28.537019,thomasmurphy,114.5.64.147,failure,Mexico
2025-06-19 08:42:09.656387,hreed,85.176.114.205,failure,Sao Tome and Principe
2025-06-11 12:40:03.607704,bennettmichele,196.225.199.198,success,American Samoa
2025-06-10 19:11:38.903429,kellytonya,86.116.2.234,success,Saint Helena
2025-06-16 00:55:15.657605,apatel,66.120.219.223,success,Eritrea
2025-06-18 01:43:42.099008,latashareeves,33.19.22.215,success,Aruba
2025-06-11 13:41:01.698551,william71,155.104.232.140,failure,Hungary
2025-06-18 05:06:22.154926,erocha,192.51.223.60,success,Vanuatu
2025-06-18 08:54:15.390516,egarrison,46.225.97.122,success,Tonga
2025-06-17 02:51:09.450964,karen27,66.1.208.94,success,Cape Verde
2025-06-14 02:45:01.004611,egarrison,97.193.126.34,success,British Indian Ocean Territory (Chagos Archipelago)
2025-06-20 12:49:21.870581,andersonjohn,116.151.161.113,failure,Brunei Darussalam
2025-06-13 14:48:12.748383,william71,165.156.149.242,success,Dominica
2025-06-14 08:03:29.053305,thomasmurphy,121.118.14.137,success,Brazil
2025-06-13 12:35:23.753258,lboyle,197.66.85.235,success,South Georgia and the South Sandwich Islands
2025-06-18 01:26:43.065232,jacob23,6.120.135.164,success,Central African Republic
2025-06-17 05:19:31.285418,apatel,91.40.153.93,success,Fiji
2025-06-20 13:39:12.561094,johnarmstrong,209.165.228.210,failure,Kyrgyz Republic
2025-06-10 18:40:34.757581,nguerra,121.188.248.205,failure,Mongolia
2025-06-19 09:41:47.905050,bennettmichele,66.38.137.133,failure,French Southern Territories
2025-06-14 03:39:36.019932,andersonjohn,30.180.81.1,failure,Cayman Islands
2025-06-17 07:28:19.827007,vward,46.103.183.15,failure,Peru
2025-06-19 22:21:25.710667,jacob23,147.188.169.118,success,Gabon
2025-06-19 07:33:14.766155,gordonjessica,27.194.186.37,success,Kuwait
2025-06-15 21:19:09.883825,garciatracy,27.14.157.179,failure,Somalia
2025-06-18 23:02:27.755178,karen27,158.10.35.204,failure,Malaysia
2025-06-13 12:54:00.789822,jenna66,105.242.6.159,success,United Arab Emirates
2025-06-16 18:46:53.865657,latashareeves,182.11.154.252,failure,Lithuania
2025-06-14 06:47:08.065723,erocha,111.225.25.0,failure,Norway
2025-06-11 09:38:18.317690,crystaljones,191.106.184.193,success,Oman
2025-06-17 15:36:57.114017,prestontamara,34.247.184.11,failure,India
2025-06-11 03:36:23.667543,johnsonlaurie,216.184.156.127,failure,Bouvet Island (Bouvetoya)
2025-06-16 06:16:51.732787,jacob23,194.79.98.113,success,Sao Tome and Principe
2025-06-20 04:59:42.109372,danielsfelicia,223.110.231.221,failure,Turkey
2025-06-15 07:57:36.885960,mhunt,85.11.167.50,success,Japan
2025-06-14 01:30:28.192883,danielsfelicia,161.120.134.176,success,Holy See (Vatican City State)
2025-06-15 23:49:58.714206,rmiller,36.140.52.108,failure,Equatorial Guinea
2025-06-11 08:52:54.743544,ryanlauren,149.69.220.219,success,Sierra Leone
2025-06-17 07:00:29.520506,garciatracy,34.59.251.113,success,Uzbekistan
2025-06-15 12:03:01.205921,samanthamiller,131.49.6.130,failure,Antigua and Barbuda
2025-06-13 01:00:53.006177,humphreyjoseph,92.14.192.195,success,Aruba
2025-06-17 01:18:41.695638,gina34,218.164.133.156,failure,Dominican Republic
2025-06-11 10:59:05.778091,hreed,152.185.36.218,failure,Georgia
2025-06-10 23:14:08.721181,crystaljones,40.43.59.122,success,Nepal
2025-06-19 22:50:37.762619,humphreyjoseph,40.64.21.157,failure,Comoros
2025-06-18 01:12:59.998300,crystaljones,10.41.181.101,failure,Mayotte
2025-06-20 04:01:38.818385,longdarius,134.117.29.58,success,Croatia
2025-06-14 21:34:23.104201,amber46,30.173.145.229,failure,Benin
2025-06-19 17:38:17.104523,lboyle,145.77.197.101,failure,Georgia
2025-06-14 15:35:42.705873,fletcherrita,218.255.221.177,success,Belize
2025-06-13 15:42:26.334620,garciatracy,174.246.127.37,failure,Oman
2025-06-12 18:09:20.370167,sandersamy,135.53.194.51,failure,Swaziland
2025-06-12 21:30:41.770432,prestontamara,160.137.109.228,success,Syrian Arab Republic
2025-06-20 09:32:00.570136,mhunt,107.133.252.44,success,Gibraltar
2025-06-15 18:12:44.367595,amber46,97.136.170.182,success,Guernsey
2025-06-16 05:00:02.847183,coreyrivera,96.238.145.19,success,Antigua and Barbuda
2025-06-10 19:52:34.355353,danielsfelicia,27.90.146.84,success,Turkmenistan
2025-06-18 21:47:17.983462,gordonjessica,94.161.163.254,success,Bangladesh
2025-06-13 01:53:46.453378,rmiller,159.88.251.50,success,Djibouti
2025-06-16 10:44:39.673064,fletcherrita,113.232.125.232,success,Singapore
2025-06-13 18:21:09.802822,crystaljones,162.34.95.41,success,Norfolk Island
2025-06-19 13:51:10.809054,andrew21,2.147.78.50,failure,Oman
2025-06-18 13:00:20.057394,rmiller,151.92.176.226,success,Samoa
2025-06-16 18:09:54.337361,timothy59,50.88.203.149,failure,Liechtenstein
2025-06-10 21:46:46.878496,jenna66,170.125.45.225,success,Taiwan
2025-06-10 19:22:29.081826,bennettmichele,91.111.23.67,success,Pakistan
2025-06-17 18:38:08.073530,amber46,58.234.166.203,success,Saint Barthelemy
2025-06-17 15:38:01.909168,mark20,170.197.6.214,success,Turkey
2025-06-19 08:42:53.896485,charlesgiles,105.158.57.32,failure,Chile
2025-06-20 10:10:52.564376,apatel,120.162.60.229,success,Moldova
2025-06-15 11:59:08.454267,gina34,115.103.249.233,failure,Svalbard & Jan Mayen Islands
2025-06-11 00:54:26.303818,jacob23,132.97.35.137,failure,Tajikistan
2025-06-20 14:32:48.291295,gina34,114.62.172.205,failure,Grenada
2025-06-17 10:58:08.325828,mark20,12.194.237.144,success,Honduras
2025-06-17 11:08:08.298914,latashareeves,171.13.175.191,failure,Spain
2025-06-18 09:53:26.975127,egarrison,138.242.101.13,success,Jersey
2025-06-18 14:05:52.348965,mhunt,8.202.111.88,failure,Bermuda
2025-06-15 02:36:06.800656,ncook,111.234.67.42,failure,Bosnia and Herzegovina
2025-06-16 19:57:20.839113,jacob23,37.67.171.37,failure,Egypt
2025-06-12 07:06:30.358451,bennettmichele,18.210.218.3,failure,United States Minor Outlying Islands
2025-06-11 13:17:35.547355,ncook,210.10.27.248,success,South Africa
2025-06-14 05:34:43.339229,pcole,10.29.52.121,failure,Guinea-Bissau
2025-06-17 05:38:06.910202,sandersamy,118.3.174.228,success,Portugal
2025-06-15 17:55:53.466317,fisherryan,57.106.163.143,failure,Latvia
2025-06-16 13:55:58.417766,fisherryan,145.130.18.156,success,Burkina Faso
2025-06-11 15:58:14.496758,jenna66,218.185.30.38,failure,Seychelles
2025-06-13 12:22:06.594067,longdarius,166.132.76.90,success,Niue
2025-06-19 13:30:01.537604,jacob23,206.223.159.95,success,Togo
2025-06-18 02:53:20.481372,samanthamiller,27.186.189.35,success,Estonia
2025-06-11 07:39:55.004034,lboyle,98.213.14.233,success,Burkina Faso
2025-06-15 01:31:20.779285,bennettmichele,96.51.210.208,failure,Ukraine
2025-06-19 13:47:40.760139,nguerra,76.112.151.57,success,Timor-Leste
2025-06-19 03:28:32.383175,mhunt,169.191.142.205,failure,Montserrat
2025-06-20 04:48:16.697478,crystaljones,78.100.99.231,success,American Samoa
2025-06-20 02:51:17.340422,ryanlauren,199.10.52.110,failure,Croatia
2025-06-19 22:43:57.547479,awilliamson,109.32.135.105,success,Tajikistan
2025-06-11 20:29:00.721204,charlesgiles,192.119.40.182,success,Saint Barthelemy
2025-06-17 08:27:55.807499,gchen,12.237.246.214,failure,Lebanon
2025-06-18 07:21:08.609533,apatel,131.210.153.132,success,North Macedonia
2025-06-17 14:22:26.326155,william71,166.201.92.38,success,Moldova
2025-06-13 00:00:55.310881,egarrison,129.194.86.85,failure,Slovenia
2025-06-18 05:19:12.129359,mhunt,174.171.208.104,success,Bulgaria
2025-06-18 02:51:33.095047,johnarmstrong,112.106.61.252,failure,Gabon
2025-06-20 16:18:09.193433,william71,45.46.108.219,success,Falkland Islands (Malvinas)
2025-06-12 16:30:40.198260,jenna66,208.205.191.147,success,Antarctica (the territory South of 60 deg S)
2025-06-13 14:17:39.019602,andrew21,30.166.182.67,failure,Eritrea
2025-06-16 17:48:32.281747,ricardoandersen,130.156.133.111,success,Andorra
2025-06-19 12:25:51.915460,lboyle,157.140.157.6,success,Turkey
2025-06-20 16:01:26.588288,ricardoandersen,91.40.254.86,success,Montserrat
2025-06-11 00:19:56.656528,nguerra,32.71.75.237,success,Brunei Darussalam
2025-06-20 14:46:11.595310,timothy59,75.25.69.86,success,Kenya
2025-06-11 10:52:51.649959,andrew21,101.255.16.10,success,United Kingdom
2025-06-13 10:17:55.263293,rmiller,77.201.160.239,failure,Greece
2025-06-10 19:59:15.129684,gordonjessica,221.37.122.17,success,Maldives
2025-06-19 01:16:23.816628,johnarmstrong,88.242.123.247,failure,Palestinian Territory
2025-06-15 00:50:50.678947,ryansmith,218.25.129.36,success,Saint Barthelemy
2025-06-12 21:58:14.266450,robinsonmichael,136.169.166.178,success,Angola
2025-06-13 14:24:09.652537,ryansmith,123.116.75.96,success,Kazakhstan
2025-06-16 13:26:34.628322,andrew21,43.25.132.193,success,Tanzania
2025-06-12 18:47:09.090571,rmiller,156.33.200.44,failure,Vanuatu
2025-06-16 22:57:02.930520,karen27,190.202.182.59,success,Sudan
2025-06-19 01:34:19.744243,taylor22,176.143.124.37,success,Angola
2025-06-16 22:22:38.360507,karen27,178.220.28.216,success,Guyana
2025-06-12 19:30:14.168373,prestontamara,221.21.15.128,success,Solomon Islands
2025-06-13 02:15:02.031427,coreyrivera,221.220.74.189,success,Algeria
2025-06-15 14:52:23.686117,kellytonya,26.57.1.254,failure,Samoa
2025-06-19 14:37:14.173658,ryanlauren,21.137.1.81,success,Nicaragua
2025-06-11 14:54:32.551949,karen27,219.10.236.202,success,Guinea
2025-06-13 15:56:34.250486,hreed,146.26.85.5,success,India
2025-06-15 10:17:02.827402,erocha,8.25.146.39,success,Jersey
2025-06-20 07:45:25.934222,ricardoandersen,222.113.107.133,failure,Saint Vincent and the Grenadines
2025-06-18 15:28:39.360122,thomasmurphy,166.90.156.211,success,Iran
2025-06-13 17:11:57.075751,timothy59,3.195.59.52,success,Kazakhstan
2025-06-13 05:28:46.199040,jacob23,212.59.216.7,failure,Ireland
2025-06-18 10:16:30.777262,mhunt,110.69.69.154,success,Portugal
2025-06-10 21:17:04.859799,samanthamiller,77.61.210.123,success,Western Sahara
2025-06-12 05:17:10.969662,william71,49.210.159.140,success,Montserrat
2025-06-13 22:29:59.835121,humphreyjoseph,41.4.37.33,success,Nepal
2025-06-19 20:59:31.137394,egarrison,75.207.6.214,failure,Svalbard & Jan Mayen Islands
2025-06-15 07:48:40.286906,coreyrivera,170.158.89.92,failure,Senegal
2025-06-18 12:42:43.804094,humphreyjoseph,143.240.34.110,success,Mongolia
2025-06-20 01:16:46.105660,ncook,60.207.12.214,failure,Chile
2025-06-18 04:12:50.134144,hreed,121.55.23.201,failure,Martinique
2025-06-17 01:15:54.882261,johnsonlaurie,60.228.46.115,success,Tanzania
2025-06-13 23:56:19.234797,rmiller,31.248.136.54,failure,Sierra Leone
2025-06-11 00:06:02.974054,ricardoandersen,84.140.159.86,success,Belarus
2025-06-11 23:42:12.723795,william71,56.225.217.73,success,Heard Island and McDonald Islands
2025-06-19 16:15:33.543219,andrew21,37.248.210.176,failure,Guinea
2025-06-17 11:11:08.546258,mhunt,2.115.119.88,success,Holy See (Vatican City State)
2025-06-19 12:38:10.716790,taylor22,119.111.140.246,success,Botswana
2025-06-14 05:11:26.303542,crystaljones,91.28.108.95,failure,United States Virgin Islands
2025-06-20 16:46:02.554233,danielsfelicia,9.178.39.164,failure,Tonga
2025-06-16 06:10:46.803050,vward,202.126.254.81,success,Fiji
2025-06-19 08:17:24.328753,jacob23,36.225.25.180,success,Romania
2025-06-16 23:30:49.134633,rmiller,25.64.226.40,success,Taiwan
2025-06-19 09:38:01.903537,william71,85.112.83.74,success,Egypt
2025-06-11 18:53:34.981794,garciatracy,192.195.63.227,success,Denmark
2025-06-20 09:03:30.095834,vward,126.9.18.157,failure,Thailand
2025-06-14 04:37:38.679572,taylor22,193.98.148.218,failure,Falkland Islands (Malvinas)
2025-06-18 23:26:38.033283,kellytonya,174.255.212.210,success,Saint Vincent and the Grenadines
2025-06-14 21:34:29.793265,humphreyjoseph,76.200.100.142,success,Singapore
2025-06-11 01:58:58.759950,robinsonmichael,161.146.129.208,failure,Estonia
2025-06-17 08:16:29.095350,johnsonlaurie,192.88.61.211,failure,Indonesia
2025-06-14 23:28:02.096005,timothy59,202.4.122.42,success,Israel
2025-06-20 12:16:10.374847,lboyle,208.62.110.136,success,Puerto Rico
2025-06-17 06:04:56.004627,crystaljones,190.87.175.138,success,Cyprus
2025-06-15 14:34:59.252957,fisherryan,183.10.146.133,success,Cyprus
2025-06-12 22:14:13.731919,vward,179.174.110.67,failure,United States Minor Outlying Islands
2025-06-18 12:47:42.451551,fletcherrita,5.24.184.80,success,Tonga
2025-06-11 05:20:30.461876,danielsfelicia,165.70.110.49,success,United States of America
2025-06-15 04:33:51.900136,samanthamiller,12.74.29.210,failure,Uzbekistan
2025-06-14 21:37:10.117474,awilliamson,77.90.155.39,success,Ghana
2025-06-18 01:35:42.675195,johnsonlaurie,150.189.14.214,success,Burundi
2025-06-14 21:06:55.963739,egarrison,161.184.139.152,success,New Caledonia
2025-06-14 04:28:38.029121,awilliamson,124.17.116.106,failure,French Southern Territories
2025-06-17 01:46:35.027439,jenna66,164.55.81.24,success,Jamaica
2025-06-11 00:35:32.459205,latashareeves,85.184.57.189,failure,Bangladesh
2025-06-15 22:20:44.053045,gchen,39.32.60.190,failure,Iceland
2025-06-15 06:51:18.841728,ryansmith,141.93.200.231,success,North Macedonia
2025-06-15 23:18:05.392731,pcole,179.137.2.29,failure,Western Sahara
2025-06-18 05:11:02.613965,taylor22,141.55.234.163,success,Pitcairn Islands
2025-06-17 23:46:29.254279,ncook,194.77.38.243,success,Tajikistan
2025-06-12 23:49:21.816811,andrew21,133.195.178.83,success,Niue
2025-06-16 09:01:48.430237,gchen,83.237.213.62,failure,Zambia
2025-06-13 12:31:58.796671,nguerra,101.203.171.107,failure,Uzbekistan
2025-06-14 05:43:18.246166,amber46,184.66.137.2,success,Saint Helena
2025-06-19 05:05:03.176040,danielsfelicia,78.97.122.170,success,Norway
2025-06-18 04:41:51.028442,sandersamy,27.211.148.122,success,Somalia
2025-06-19 16:54:16.006999,ryanlauren,158.59.98.185,success,Argentina
2025-06-12 03:41:24.315628,fletcherrita,12.223.86.47,success,Iraq
2025-06-14 00:58:47.364906,charlesgiles,89.134.66.141,failure,Sri Lanka
2025-06-17 17:37:58.672344,karen27,47.8.235.57,failure,Lithuania
2025-06-20 17:45:14.750595,hreed,79.50.98.215,success,Panama
2025-06-11 08:22:51.614625,ricardoandersen,91.41.150.65,success,Bouvet Island (Bouvetoya)
2025-06-16 17:49:31.061025,gchen,205.212.83.34,failure,United States Virgin Islands
2025-06-16 06:22:20.684137,jacob23,205.149.247.67,failure,Malawi
2025-06-17 04:12:28.655239,thomasmurphy,88.127.158.188,failure,Maldives
2025-06-12 19:58:57.508296,vward,107.248.85.137,success,Tokelau
2025-06-18 08:31:37.008581,sampsonjerry,25.2.195.180,success,San Marino
2025-06-14 21:42:29.516828,nguerra,136.212.138.16,success,British Virgin Islands
2025-06-20 01:32:13.687350,nguerra,116.50.121.110,failure,Sweden
2025-06-12 01:18:01.120955,robinsonmichael,204.104.242.13,failure,Djibouti
2025-06-17 05:41:32.527021,bennettmichele,222.220.233.75,success,Kiribati
2025-06-11 15:59:08.136602,amber46,76.85.175.220,failure,Panama
2025-06-18 12:03:03.342173,gina34,26.106.11.10,success,British Indian Ocean Territory (Chagos Archipelago)
2025-06-18 21:11:43.509200,gchen,199.144.17.229,failure,Spain
2025-06-14 04:09:34.644009,erocha,11.45.132.131,success,Somalia
2025-06-17 23:24:46.240926,vward,132.70.78.48,success,Greenland
2025-06-11 14:04:35.402711,pcole,184.96.200.219,failure,South Africa
2025-06-18 14:38:45.768779,lboyle,7.79.207.40,success,Denmark
2025-06-17 08:32:51.366171,pcole,12.130.156.94,failure,Bangladesh
2025-06-19 11:19:36.328593,thomasmurphy,160.95.77.206,success,Nigeria
2025-06-10 19:58:43.853565,adrianandrews,126.39.243.165,success,Belarus
2025-06-14 06:15:15.278491,erocha,182.125.119.141,success,Aruba
2025-06-14 12:18:10.842449,humphreyjoseph,219.188.73.157,success,Sudan
2025-06-14 09:30:28.333764,prestontamara,88.236.215.53,success,Denmark
2025-06-19 22:20:53.168469,bennettmichele,99.161.50.54,failure,Congo
2025-06-19 11:18:35.009182,egarrison,45.129.175.157,success,El Salvador
2025-06-17 11:43:48.434730,adrianandrews,38.195.66.165,success,Singapore
2025-06-20 10:44:47.709745,longdarius,190.79.226.51,success,Suriname
2025-06-19 11:14:09.824021,amber46,200.65.237.243,success,Indonesia
2025-06-15 14:29:28.130605,ncook,54.133.193.64,failure,Italy
2025-06-16 15:29:44.093707,apatel,82.0.156.161,failure,Chile
2025-06-13 07:50:30.807125,thomasmurphy,17.92.124.253,failure,Croatia
2025-06-19 00:39:39.063650,fletcherrita,79.128.244.229,success,Brazil
2025-06-15 20:56:50.718356,sampsonjerry,176.6.76.242,success,Cyprus
2025-06-17 10:21:13.780788,william71,138.51.26.173,success,Falkland Islands (Malvinas)
2025-06-20 02:18:35.278256,jessicaolson,205.227.31.69,success,Libyan Arab Jamahiriya
2025-06-13 09:21:48.426378,gordonjessica,163.62.120.234,failure,Morocco
2025-06-17 10:27:43.983977,gina34,143.72.45.25,failure,Indonesia
2025-06-16 20:47:21.438245,rmiller,122.180.147.208,success,Bolivia
2025-06-12 10:51:07.762817,erocha,196.184.206.120,failure,Iran
2025-06-10 21:01:31.306856,ricardoandersen,197.40.26.133,failure,Cayman Islands
2025-06-12 10:13:59.252449,robinsonmichael,56.41.38.181,success,Northern Mariana Islands
2025-06-11 10:22:34.973993,gordonjessica,62.67.255.232,failure,United States of America
2025-06-12 07:13:34.785149,ryansmith,160.1.56.103,failure,Malaysia
2025-06-16 17:53:13.586246,kellytonya,133.41.204.9,success,Cambodia
2025-06-16 08:50:53.660617,egarrison,31.125.192.105,success,Guinea-Bissau
2025-06-11 15:48:03.431520,ncook,221.146.83.48,failure,United States Virgin Islands
2025-06-18 17:44:10.551941,gchen,10.244.239.199,success,Slovenia
2025-06-14 08:43:42.340522,mhunt,185.240.166.100,success,Qatar
2025-06-13 09:35:06.304941,longdarius,83.171.81.154,failure,Dominica
2025-06-16 04:34:44.462765,gordonjessica,162.20.36.189,success,Comoros
2025-06-16 16:44:44.934352,andersonjohn,5.99.189.153,success,Jamaica
2025-06-20 03:53:07.267878,andrew21,5.221.22.130,success,Tokelau
2025-06-13 05:10:27.159402,taylor22,213.202.71.60,success,Portugal
2025-06-17 01:25:16.797365,ryansmith,16.194.146.223,success,Svalbard & Jan Mayen Islands
2025-06-18 01:39:57.660512,fisherryan,31.11.60.255,success,Seychelles
2025-06-11 12:17:55.470020,gchen,164.161.230.58,success,Cape Verde
2025-06-17 06:32:52.158172,andersonjohn,23.46.219.189,success,Gambia
2025-06-17 01:39:44.850063,jenna66,113.58.133.13,failure,Bosnia and Herzegovina
2025-06-12 03:38:20.045975,andrew21,215.129.212.46,success,Mayotte
2025-06-19 08:25:53.142827,egarrison,171.67.152.105,failure,Bolivia
2025-06-12 09:05:05.090345,sampsonjerry,88.13.251.93,success,French Polynesia
2025-06-11 04:30:35.475980,johnsonlaurie,137.250.183.187,success,Uganda
2025-06-15 21:44:26.952780,amber46,206.128.201.146,failure,Martinique
2025-06-16 06:53:04.704253,bennettmichele,221.61.207.160,success,Saint Martin
2025-06-12 02:55:29.185071,andrew21,109.84.201.217,success,United Arab Emirates
2025-06-20 17:39:54.435178,thomasmurphy,1.56.230.253,success,South Georgia and the South Sandwich Islands
2025-06-20 17:20:38.071395,gchen,105.141.97.188,success,Gambia
2025-06-19 06:01:33.887423,thomasmurphy,73.29.221.133,success,Burundi
2025-06-17 23:12:53.341257,samanthamiller,179.183.145.177,failure,Uganda
2025-06-17 12:23:41.725933,humphreyjoseph,14.22.227.146,success,Bhutan
2025-06-13 12:24:06.856502,andersonjohn,142.148.31.132,failure,Djibouti
2025-06-15 21:44:37.760666,fletcherrita,67.175.250.29,success,Uganda
2025-06-15 16:43:18.059238,ricardoandersen,22.234.171.238,success,Indonesia
2025-06-18 21:20:24.139337,coreyrivera,140.46.80.56,success,China
2025-06-14 15:58:13.183428,fisherryan,174.152.53.98,success,Greece
2025-06-14 01:35:09.453897,apatel,110.66.185.56,failure,Uzbekistan
2025-06-18 18:15:31.303439,coreyrivera,85.165.17.186,success,Western Sahara
2025-06-20 12:35:28.511384,crystaljones,11.171.3.80,failure,Japan
2025-06-16 07:13:45.874247,amber46,61.236.244.85,failure,American Samoa
2025-06-13 21:56:41.089677,andersonjohn,137.167.62.63,success,Nigeria
2025-06-17 02:44:44.423254,ricardoandersen,1.230.183.156,failure,Zambia
2025-06-12 06:29:59.240366,coreyrivera,217.89.152.203,success,South Africa
2025-06-12 17:23:58.677437,vward,109.138.85.9,failure,Liechtenstein
2025-06-13 05:22:10.092071,ryansmith,130.1.65.136,success,Russian Federation
2025-06-17 14:47:57.215526,charlesgiles,82.20.3.167,success,Christmas Island
2025-06-15 03:30:48.426086,hreed,113.99.37.57,failure,Vietnam
2025-06-17 15:48:30.087170,latashareeves,121.10.226.14,failure,Pakistan
2025-06-14 04:25:13.966570,egarrison,148.222.43.157,failure,Jordan
2025-06-14 11:07:01.515255,bennettmichele,223.221.124.14,success,Slovakia (Slovak Republic)
2025-06-15 21:45:22.769578,ryansmith,159.68.6.147,failure,Maldives
2025-06-16 20:34:58.436851,gchen,149.136.110.152,failure,El Salvador
2025-06-11 13:54:37.926426,jacob23,28.76.174.105,success,Saudi Arabia
2025-06-11 05:05:48.699860,timothy59,171.7.179.125,failure,Saint Pierre and Miquelon
2025-06-14 05:54:15.283165,sampsonjerry,64.78.67.32,failure,Mali
2025-06-15 01:11:53.096818,thomasmurphy,76.41.139.4,success,Algeria
2025-06-20 06:49:46.139684,mhunt,189.123.30.59,failure,Liberia
2025-06-16 18:05:01.516633,ricardoandersen,107.81.164.139,failure,Guinea
2025-06-12 02:35:13.119078,prestontamara,195.207.245.124,success,Malaysia
2025-06-10 23:41:10.772175,jacob23,129.33.208.95,success,Lebanon
2025-06-18 12:29:41.491411,robinsonmichael,6.143.245.89,success,Suriname
2025-06-11 00:46:48.808495,vward,64.233.28.124,success,Cameroon
2025-06-13 23:58:43.579163,sandersamy,138.72.10.187,failure,Vietnam
2025-06-11 01:01:01.791823,gchen,62.46.113.157,success,Solomon Islands
2025-06-12 11:28:07.484442,amber46,170.1.51.49,success,Belize
2025-06-13 01:20:34.363275,ryanlauren,145.214.161.96,success,Senegal
2025-06-18 05:07:40.374496,crystaljones,93.47.103.32,success,Barbados
2025-06-15 07:25:20.455442,timothy59,51.217.12.107,success,Faroe Islands
2025-06-10 22:27:35.287653,andrew21,125.198.51.73,success,Guadeloupe
2025-06-14 07:06:51.572233,charlesgiles,43.171.16.56,success,Nepal
2025-06-19 08:57:35.977789,vward,180.24.117.193,failure,Dominica
2025-06-15 06:47:55.850170,apatel,175.85.157.73,success,Dominican Republic
2025-06-17 11:03:39.993502,taylor22,115.114.62.163,success,Mali
2025-06-14 20:41:22.850448,mhunt,94.152.184.16,failure,Tonga
2025-06-19 21:17:21.035884,gchen,115.82.57.25,success,Northern Mariana Islands
2025-06-11 17:01:36.151676,robinsonmichael,98.198.241.156,success,Kuwait
2025-06-16 00:39:42.802759,apatel,166.229.127.65,failure,Macao
2025-06-17 19:11:36.500101,thomasmurphy,147.71.170.104,success,Hong Kong
2025-06-11 08:59:39.207871,karen27,184.168.200.217,failure,Jordan
2025-06-12 00:04:07.045446,longdarius,48.66.42.111,failure,Luxembourg
2025-06-18 23:44:08.788350,fletcherrita,47.194.207.0,failure,Sierra Leone
2025-06-17 23:55:14.330043,vward,39.210.95.185,failure,Kazakhstan
2025-06-13 22:36:10.296904,sandersamy,55.113.179.88,failure,Ethiopia
2025-06-17 12:22:56.965671,erocha,80.94.156.229,failure,Czech Republic
2025-06-17 14:22:34.501866,jessicaolson,206.224.197.42,success,Benin
2025-06-14 10:08:56.201017,ricardoandersen,32.117.37.136,success,Australia
2025-06-17 21:34:04.885139,karen27,42.174.95.29,failure,Singapore
2025-06-17 01:09:42.227551,ryanlauren,51.125.103.188,success,Brunei Darussalam
2025-06-13 10:46:35.053214,robinsonmichael,117.141.196.215,success,Thailand
2025-06-17 10:28:36.401022,gordonjessica,18.39.176.60,failure,Netherlands
2025-06-18 18:28:51.728047,danielsfelicia,143.183.27.31,success,Tanzania
2025-06-19 13:24:28.748235,coreyrivera,39.255.99.239,failure,Wallis and Futuna
2025-06-13 22:51:13.038417,mhunt,162.224.166.130,success,Morocco
2025-06-17 17:57:17.869359,latashareeves,33.209.17.88,failure,Saint Pierre and Miquelon
2025-06-12 00:18:20.566861,fisherryan,218.117.157.206,success,Cote d'Ivoire
2025-06-11 08:22:51.348861,prestontamara,94.15.197.107,failure,Macao
2025-06-13 04:06:30.579419,johnsonlaurie,42.44.200.210,success,Gambia
2025-06-16 05:53:04.370891,coreyrivera,108.170.204.155,failure,South Africa
2025-06-16 19:51:07.848239,humphreyjoseph,195.69.164.101,success,Trinidad and Tobago
2025-06-20 12:55:59.482359,awilliamson,161.190.106.219,success,Mayotte
2025-06-15 09:29:14.359717,vward,212.139.250.158,success,Belarus
2025-06-14 11:28:17.999248,william71,51.45.47.49,success,Tokelau
2025-06-16 11:31:35.495311,awilliamson,147.161.232.230,success,Kuwait
2025-06-13 17:50:33.184243,latashareeves,144.68.102.253,failure,Mali
2025-06-12 20:02:08.682661,garciatracy,22.152.252.146,failure,Kiribati
2025-06-18 12:38:28.204576,coreyrivera,206.35.29.108,success,Saint Pierre and Miquelon
2025-06-18 20:06:49.077543,karen27,97.214.59.69,success,Fiji
2025-06-18 09:26:54.006039,hreed,207.252.132.184,success,Bahrain
2025-06-13 23:28:30.277195,thomasmurphy,54.55.82.98,failure,Micronesia
2025-06-18 02:04:28.899326,thomasmurphy,18.183.164.167,success,Heard Island and McDonald Islands
2025-06-13 02:47:27.104471,ncook,27.225.51.33,success,Bahrain
2025-06-13 07:14:02.407828,robinsonmichael,79.106.191.91,success,France
2025-06-14 04:18:45.307220,gchen,201.243.227.100,success,Guinea
2025-06-12 00:49:50.178947,adrianandrews,173.166.29.78,success,French Polynesia
2025-06-14 01:27:20.889843,amber46,159.61.252.37,success,Iceland
2025-06-16 05:00:52.423069,robinsonmichael,160.229.142.82,success,Serbia
2025-06-14 09:54:31.955743,prestontamara,179.59.197.157,failure,Ireland
2025-06-15 14:21:34.198744,erocha,133.28.203.45,failure,Croatia
2025-06-18 07:54:38.181414,hreed,69.223.232.81,failure,Puerto Rico
2025-06-18 15:56:33.546100,garciatracy,123.19.236.55,success,Fiji
2025-06-11 04:41:38.134971,thomasmurphy,164.90.174.246,success,British Indian Ocean Territory (Chagos Archipelago)
2025-06-20 12:11:22.545282,ryansmith,49.212.159.152,success,Turks and Caicos Islands
2025-06-11 23:57:52.098027,johnarmstrong,148.53.50.183,success,Iceland
2025-06-16 09:32:10.102106,awilliamson,167.201.186.192,success,China
2025-06-18 11:20:46.808916,timothy59,21.97.40.168,success,Norfolk Island
2025-06-19 07:05:29.144113,humphreyjoseph,40.216.132.107,success,Equatorial Guinea
2025-06-11 13:33:31.967796,pcole,33.90.13.9,success,Barbados
2025-06-17 11:09:32.809692,jessicaolson,7.137.6.191,failure,United Arab Emirates
2025-06-14 17:50:22.444967,robinsonmichael,71.211.188.167,failure,Gambia
2025-06-18 21:28:02.727798,kellytonya,120.225.211.177,success,Bhutan
2025-06-19 17:08:25.052619,taylor22,116.215.95.40,failure,Bulgaria
2025-06-18 19:12:15.664671,jenna66,147.202.49.100,failure,Cuba
2025-06-15 09:58:32.230064,gchen,153.145.37.254,success,Kuwait
2025-06-16 01:46:53.690539,taylor22,199.12.156.216,failure,French Southern Territories
2025-06-15 18:23:21.213999,garciatracy,182.222.54.148,success,Cyprus
2025-06-16 18:40:35.503973,bennettmichele,55.211.16.135,success,Svalbard & Jan Mayen Islands
2025-06-18 16:18:31.943050,hreed,182.63.175.65,failure,Guinea
2025-06-18 16:11:58.133768,awilliamson,2.118.33.85,failure,Mexico
2025-06-14 01:54:50.343740,gchen,51.113.91.166,failure,Peru
2025-06-18 00:52:56.331838,ryansmith,181.29.168.68,failure,Yemen
2025-06-17 18:07:53.395234,andrew21,202.28.224.99,failure,Lebanon
2025-06-16 17:00:39.116142,mhunt,164.123.87.205,failure,Montenegro
2025-06-16 01:54:30.279261,samanthamiller,80.23.162.9,success,Tajikistan
2025-06-11 15:57:54.992849,jessicaolson,25.20.113.100,failure,Sao Tome and Principe
2025-06-17 09:02:59.205990,mark20,5.51.215.159,success,American Samoa
2025-06-19 14:31:11.308706,gina34,5.178.235.151,success,Czech Republic
2025-06-14 17:36:19.332788,gordonjessica,56.174.164.158,failure,Bangladesh
2025-06-16 16:01:30.729774,vward,153.226.148.115,success,Saint Pierre and Miquelon
2025-06-17 11:53:14.864655,humphreyjoseph,165.67.69.116,failure,Tonga
2025-06-13 15:57:13.849724,danielsfelicia,143.155.154.6,success,Zambia
2025-06-15 20:03:08.982614,charlesgiles,203.37.15.235,success,Pitcairn Islands
2025-06-12 19:19:11.385681,sampsonjerry,81.10.29.248,success,Burkina Faso
2025-06-14 01:43:27.214890,ryansmith,158.195.185.0,success,Maldives
2025-06-13 00:52:04.145653,sandersamy,189.66.0.196,success,Jamaica
2025-06-13 08:02:50.139445,adrianandrews,44.121.231.242,success,Jersey
2025-06-14 18:19:52.223658,ncook,103.85.36.110,failure,Angola
2025-06-14 08:19:43.415705,karen27,133.193.20.141,success,Croatia
2025-06-12 09:30:56.993445,fisherryan,61.143.80.197,success,Poland
2025-06-16 05:49:19.277026,apatel,21.173.138.119,failure,Oman
2025-06-14 17:06:54.825117,danielsfelicia,170.54.21.103,success,Honduras
2025-06-12 05:54:42.524919,ryansmith,102.5.163.115,success,French Guiana
2025-06-16 16:54:01.724019,ryansmith,126.116.165.36,success,Gambia
2025-06-12 02:18:22.771686,johnsonlaurie,59.170.157.249,success,Faroe Islands
2025-06-12 12:21:44.569740,bennettmichele,129.140.52.255,failure,Angola
2025-06-18 13:07:35.106172,coreyrivera,181.63.183.57,success,Jordan
2025-06-17 03:40:49.492771,nguerra,29.61.142.210,failure,Singapore
2025-06-13 13:38:43.012508,samanthamiller,8.2.64.21,success,United Arab Emirates
2025-06-19 00:26:49.348093,longdarius,64.152.202.116,failure,Lebanon
2025-06-17 19:08:08.796195,johnsonlaurie,68.169.22.18,success,Guinea
2025-06-19 07:29:13.822995,amber46,192.144.52.165,success,French Guiana
2025-06-19 21:32:06.540241,gordonjessica,68.172.13.202,success,Saudi Arabia
2025-06-19 00:00:10.031761,charlesgiles,222.221.234.237,success,Pakistan
2025-06-20 05:12:27.193810,ncook,90.125.203.167,failure,Vanuatu
2025-06-11 03:39:02.064603,pcole,98.217.145.33,failure,British Indian Ocean Territory (Chagos Archipelago)
2025-06-12 14:42:44.559229,johnarmstrong,200.217.98.0,failure,Cuba
2025-06-17 09:56:48.999546,erocha,3.102.26.199,success,Syrian Arab Republic
2025-06-15 18:33:30.764108,humphreyjoseph,102.159.154.173,success,Sierra Leone
2025-06-18 13:25:53.204797,mhunt,9.225.72.186,success,Mauritania
2025-06-11 10:09:48.759235,apatel,161.32.84.77,success,Romania
2025-06-20 10:07:06.194468,mhunt,19.31.201.133,success,Jersey
2025-06-13 10:49:33.744080,johnarmstrong,157.48.122.226,success,Puerto Rico
2025-06-13 17:49:56.045933,pcole,47.245.71.176,success,Uganda
2025-06-12 08:32:15.727361,sampsonjerry,99.120.66.198,success,Tonga
2025-06-17 08:22:12.357129,johnarmstrong,199.116.94.13,failure,Bosnia and Herzegovina
2025-06-19 10:27:09.875847,sampsonjerry,102.23.38.32,failure,Faroe Islands
2025-06-14 22:04:01.854052,garciatracy,184.206.184.188,success,Philippines
2025-06-20 01:43:33.668237,fisherryan,54.105.52.45,failure,United Arab Emirates
2025-06-12 15:44:04.155147,gordonjessica,179.68.18.65,success,Madagascar
2025-06-10 19:12:39.117900,jenna66,98.63.219.163,success,Sri Lanka
2025-06-20 15:57:55.135614,jacob23,45.164.7.97,success,Senegal
2025-06-15 22:09:42.253778,ryanlauren,211.108.61.10,failure,France
2025-06-11 03:42:20.161163,timothy59,49.86.128.96,success,Saint Helena
2025-06-19 20:27:22.939806,johnsonlaurie,170.252.95.95,success,Norfolk Island
2025-06-14 14:52:51.984141,ricardoandersen,60.56.135.207,success,Western Sahara
2025-06-14 13:18:55.710625,fisherryan,66.218.88.139,failure,Sierra Leone
2025-06-14 20:41:38.286432,nguerra,170.51.110.156,success,Sri Lanka
2025-06-12 16:07:53.161069,pcole,61.172.126.15,failure,Montenegro
2025-06-13 06:43:09.797349,andersonjohn,154.142.70.227,failure,Moldova
2025-06-11 20:12:54.778882,robinsonmichael,61.184.229.204,success,Greenland
2025-06-18 12:27:31.945158,amber46,216.158.139.100,failure,Uruguay
2025-06-17 13:12:36.769336,mhunt,204.92.113.39,success,Falkland Islands (Malvinas)
2025-06-16 23:07:12.805112,jacob23,43.196.151.92,success,United States Virgin Islands
2025-06-11 13:52:53.600789,fisherryan,58.189.25.11,success,Svalbard & Jan Mayen Islands
2025-06-13 03:36:21.834404,adrianandrews,221.28.235.102,success,Latvia
2025-06-14 18:48:21.720359,coreyrivera,20.46.238.236,success,Seychelles
2025-06-14 11:39:50.856096,amber46,41.53.147.224,failure,San Marino
2025-06-11 09:10:24.203566,lboyle,80.228.41.248,failure,Slovakia (Slovak Republic)
2025-06-17 01:27:21.536325,nguerra,152.163.145.170,success,Timor-Leste
2025-06-17 04:46:36.603719,hreed,2.249.171.104,failure,Saint Vincent and the Grenadines
2025-06-17 14:22:09.116886,robinsonmichael,215.193.11.129,success,Somalia
2025-06-14 13:20:57.183176,lboyle,168.40.101.1,failure,Ukraine
2025-06-20 02:41:46.247748,ricardoandersen,67.16.69.158,failure,Azerbaijan
2025-06-16 18:27:16.965363,fisherryan,145.17.2.241,failure,Dominica
2025-06-14 17:57:04.791835,mhunt,88.62.43.104,success,Honduras
2025-06-16 15:49:44.167858,johnsonlaurie,49.242.188.37,success,Mauritania
2025-06-15 04:32:25.940879,robinsonmichael,81.232.111.184,failure,Saint Pierre and Miquelon
2025-06-17 16:58:55.459111,kellytonya,122.106.186.248,success,India
2025-06-12 18:12:31.272729,andrew21,4.254.251.248,failure,Malawi
2025-06-17 23:48:54.620208,sampsonjerry,118.197.254.38,success,New Zealand
2025-06-18 22:46:50.151017,lboyle,147.197.224.34,failure,Fiji
2025-06-12 11:08:11.569719,rmiller,186.117.149.91,success,Northern Mariana Islands
2025-06-12 04:48:46.999219,ryansmith,55.15.40.121,failure,Sweden
2025-06-17 04:57:03.157500,nguerra,148.228.197.237,success,Djibouti
2025-06-19 02:57:47.119976,jacob23,133.95.141.52,failure,Romania
2025-06-14 11:00:38.770436,ryansmith,207.213.167.114,success,New Zealand
2025-06-12 15:25:48.730164,prestontamara,153.136.86.108,success,India
2025-06-18 05:11:37.558809,latashareeves,203.72.141.241,success,Bahrain
2025-06-12 01:18:41.746318,awilliamson,192.17.101.151,failure,Gibraltar
2025-06-18 13:34:06.743411,lboyle,104.90.64.167,success,Australia
2025-06-20 16:01:21.939713,ricardoandersen,1.200.166.223,success,Saint Vincent and the Grenadines
2025-06-19 12:00:34.012387,samanthamiller,94.151.254.38,success,Kazakhstan
2025-06-14 07:04:51.541424,mhunt,5.94.131.163,success,Afghanistan
2025-06-17 10:43:18.532277,sampsonjerry,216.15.15.5,success,Togo
2025-06-13 18:53:12.666272,sandersamy,140.48.149.71,failure,Lithuania
2025-06-19 05:28:02.089387,longdarius,128.146.49.112,failure,Greece
2025-06-20 05:59:34.023108,garciatracy,96.69.223.143,failure,United States Minor Outlying Islands
2025-06-11 02:38:08.328094,ricardoandersen,219.37.91.82,failure,Brunei Darussalam
2025-06-12 22:21:20.273317,sandersamy,13.163.79.139,success,Poland
2025-06-15 16:38:32.166836,gchen,54.60.159.111,success,Bermuda
2025-06-13 07:06:31.801518,charlesgiles,62.28.195.82,success,Guernsey
2025-06-13 02:46:37.607862,timothy59,92.157.241.32,success,Puerto Rico
2025-06-17 08:15:52.142494,hreed,1.155.213.87,failure,Tajikistan
2025-06-11 19:37:44.856313,pcole,168.163.225.3,success,United Kingdom
